{
  "env": {
    "SHELL": "/bin/bash",
    "TERM": "xterm-256color"
  },
  "duration": 18.170086,
  "width": 80,
  "title": null,
  "version": 1,
  "height": 24,
  "command": null,
  "stdout": [
    [
      1.750721,
      "\u001b]0;emmerlin@xub1704: /tmp\u0007\u001b[01;32memmerlin@xub1704\u001b[00m:\u001b[01;34m/tmp\u001b[00m$ "
    ],
    [
      1.900212,
      "f"
    ],
    [
      0.427588,
      "i"
    ],
    [
      0.083672,
      "n"
    ],
    [
      0.103752,
      "d"
    ],
    [
      0.292958,
      " "
    ],
    [
      0.21324,
      "."
    ],
    [
      0.397534,
      " "
    ],
    [
      0.055891,
      "-"
    ],
    [
      0.373019,
      "n"
    ],
    [
      0.343926,
      "a"
    ],
    [
      0.120865,
      "m"
    ],
    [
      0.178417,
      "e"
    ],
    [
      0.792246,
      " "
    ],
    [
      0.340543,
      "\""
    ],
    [
      0.449066,
      "m"
    ],
    [
      0.13421,
      "o"
    ],
    [
      0.347694,
      "z"
    ],
    [
      0.468524,
      "*"
    ],
    [
      0.427793,
      "\""
    ],
    [
      0.628276,
      " "
    ],
    [
      0.730145,
      "-"
    ],
    [
      0.295934,
      "p"
    ],
    [
      0.145746,
      "r"
    ],
    [
      0.087858,
      "i"
    ],
    [
      0.055916,
      "n"
    ],
    [
      0.087965,
      "t"
    ],
    [
      0.268968,
      "\r\n"
    ],
    [
      0.00406,
      "find: "
    ],
    [
      0.001984,
      "‘./systemd-private-e7a0bcb13b48422fabe5dc1aa9415c95-spice-vdagentd.service-IASvgw’"
    ],
    [
      0.00022,
      ": Keine Berechtigung"
    ],
    [
      7.8e-05,
      "\r\n"
    ],
    [
      0.000152,
      "find: "
    ],
    [
      0.000107,
      "‘./systemd-private-e7a0bcb13b48422fabe5dc1aa9415c95-systemd-resolved.service-axCTvF’"
    ],
    [
      8.3e-05,
      ": Keine Berechtigung"
    ],
    [
      6.8e-05,
      "\r\n"
    ],
    [
      0.000191,
      "find: "
    ],
    [
      8.6e-05,
      "‘./systemd-private-e7a0bcb13b48422fabe5dc1aa9415c95-rtkit-daemon.service-qHAvVs’"
    ],
    [
      7.6e-05,
      ": Keine Berechtigung"
    ],
    [
      6.6e-05,
      "\r\n"
    ],
    [
      0.000218,
      "find: "
    ],
    [
      7.5e-05,
      "‘./systemd-private-e7a0bcb13b48422fabe5dc1aa9415c95-systemd-timesyncd.service-sINMgM’"
    ],
    [
      7.1e-05,
      ": Keine Berechtigung"
    ],
    [
      6.5e-05,
      "\r\n"
    ],
    [
      0.000432,
      "./mozilla_emmerlin0"
    ],
    [
      6.8e-05,
      "\r\n"
    ],
    [
      0.000131,
      "find: "
    ],
    [
      9.1e-05,
      "‘./systemd-private-e7a0bcb13b48422fabe5dc1aa9415c95-colord.service-GaTWkl’"
    ],
    [
      7.2e-05,
      ": Keine Berechtigung"
    ],
    [
      6.7e-05,
      "\r\n"
    ],
    [
      0.00182,
      "\u001b]0;emmerlin@xub1704: /tmp\u0007\u001b[01;32memmerlin@xub1704\u001b[00m:\u001b[01;34m/tmp\u001b[00m$ "
    ],
    [
      1.736451,
      "find . -name \"moz*\" -print"
    ],
    [
      0.812579,
      " "
    ],
    [
      0.491964,
      "2"
    ],
    [
      0.519196,
      ">"
    ],
    [
      0.672719,
      "/"
    ],
    [
      0.259968,
      "d"
    ],
    [
      0.235608,
      "e"
    ],
    [
      0.175994,
      "v"
    ],
    [
      0.495999,
      "/"
    ],
    [
      0.340719,
      "n"
    ],
    [
      0.187521,
      "u"
    ],
    [
      0.16795,
      "l"
    ],
    [
      0.152112,
      "l"
    ],
    [
      0.398289,
      "\r\n"
    ],
    [
      0.007507,
      "./mozilla_emmerlin0"
    ],
    [
      7.4e-05,
      "\r\n"
    ],
    [
      0.000749,
      "\u001b]0;emmerlin@xub1704: /tmp\u0007\u001b[01;32memmerlin@xub1704\u001b[00m:\u001b[01;34m/tmp\u001b[00m$ "
    ]
  ]
}